{"output": "/mnt/data/sample/sample.json", "start": 1586633750.5460582, "end": 1586676950.8020885}
