{"event": {"keywords": ["#elections", "#Elections2020", "#Election2020", "Trump", "Biden"], "output": "elections/20201102/event.json", "start": 1604271601.8954947, "end": 1604358001.9149497}}
