{"event": {"keywords": ["#elections", "#Elections2020", "#Election2020", "Trump", "Biden"], "output": "elections/20201030/event.json", "start": 1604012402.1458938, "end": 1604098802.156489}}
