{"event": {"keywords": ["#elections", "#Elections2020", "#Election2020", "Trump", "Biden"], "output": "elections/20201024/event.json", "start": 1603490402.2161996, "end": 1603576802.2397382}}
