{"event": {"keywords": ["#elections", "#Elections2020", "#Election2020", "Trump", "Biden"], "output": "elections/20201021/event.json", "start": 1603231201.9187105, "end": 1603317601.9434924}}
