{"event": {"keywords": ["#elections", "#Elections2020", "#Election2020", "Trump", "Biden"], "output": "elections/20201031/event.json", "start": 1604098802.2259047, "end": 1604185202.8239243}}
