{"event": {"keywords": ["#elections", "#Elections2020", "#Election2020", "Trump", "Biden"], "output": "elections/20201025/event.json", "start": 1603576802.2569973, "end": 1603663202.281598}}
