{"event": {"keywords": ["#elections", "#Elections2020", "#Election2020", "Trump", "Biden"], "output": "elections/20201029/event.json", "start": 1603926001.6713014, "end": 1604012401.833008}}
