{"event": {"keywords": ["#elections", "#Elections2020", "#Election2020", "Trump", "Biden"], "output": "elections/20201026/event.json", "start": 1603666801.4446166, "end": 1603753201.8419404}}
