{"event": {"keywords": ["#elections", "#Elections2020", "#Election2020", "Trump", "Biden"], "output": "elections/20201028/event.json", "start": 1603839601.9067914, "end": 1603926001.9293652}}
