{"event": {"keywords": ["#elections", "#Elections2020", "#Election2020", "Trump", "Biden"], "output": "elections/20201023/event.json", "start": 1603404001.8758879, "end": 1603490401.9092717}}
