{"event": {"keywords": ["#elections", "#Elections2020", "#Election2020", "Trump", "Biden"], "output": "elections/20201020/event.json", "start": 1603144801.4827633, "end": 1603231201.8147266}}
