{"event": {"keywords": ["#elections", "#Elections2020", "#Election2020", "#ElectionDay", "Trump", "Biden"], "output": "elections/20201103/event.json", "start": 1604358001.623531, "end": 1604444401.8551693}}
