{"event": {"keywords": ["#elections", "#Elections2020", "#Election2020", "Trump", "Biden"], "output": "elections/20201027/event.json", "start": 1603753201.8846707, "end": 1603839601.906167}}
