{"event": {"keywords": ["#elections", "#Elections2020", "#Election2020", "Trump", "Biden"], "output": "elections/20201101/event.json", "start": 1604185201.7157109, "end": 1604271601.8538294}}
