{"event": {"keywords": ["#elections", "#Elections2020", "#Election2020", "Trump", "Biden"], "output": "elections/20201022/event.json", "start": 1603317601.739792, "end": 1603404001.8694184}}
